Workbook
Name DemandGroups: Lists!$A$4:$A$7
Name DemandStreams: Lists!$B$4:$B$7
Name RevenueGroups: Lists!$D$4:$D$7
Name RevenueStreams: Lists!$E$4:$E$7

Sheet ReadMe
A1: Demand & Revenue Insights Console
A2: Marketing & Corporate Affairs
A4: Every team enters one row per day. Every total, percentage, chart and KPI tile on the two dashboards is calculated from those rows. Nobody edits a formula during normal use.
A7: Tab colours
A8: Green tabs are for typing. Blue tabs are for reading. Grey tabs are never edited.
A10: The sheets
A11: Sheet | B11: Colour | C11: What it is
A12: ReadMe | B12: grey | C12: This page
A13: MAIN DASHBOARD | B13: blue | C13: Month, quarter and year to date, with movement percentages
A14: Analysis Dashboard | B14: blue | C14: KPI tiles, trends and contribution
A15: Demand_Input | B15: green | C15: Daily leads
A16: Revenue_Input | B16: green | C16: Daily revenue, in Rands
A17: Calculations | B17: grey | C17: Engine behind MAIN DASHBOARD
A18: Analysis_Calc | B18: grey | C18: Engine behind Analysis Dashboard
A19: Lists | B19: grey | C19: Approved values that drive the drop-downs
A21: Adding a row
A22: 1. Open Demand_Input for leads, or Revenue_Input for revenue.
A23: 2. Go to the first empty row at the bottom of the table and type the date in column A.
A24: 3. Choose the Business Group in column B from the drop-down. A value that is not on the list is rejected.
A25: 4. Choose the Campaign/Stream in column C. Each business group reports under exactly one stream.
A26: 5. Enter the day's figure in column D. Negative values are rejected.
A27: If a team reported nothing on a day, leave the row out. Missing days count as zero and break nothing.
A29: Rules that keep this working
A30: Do not rename sheets, the DemandTbl or RevenueTbl tables, or any column heading, because formulas reference them by name.
A31: Do not insert rows anywhere except the bottom of the input tables.
A32: Do not type into grey tabs. If a number looks wrong, the cause is in the input rows.
A33: Adding a business group or campaign is a structural change for the workbook owner only.
A35: If something looks wrong
A36: Symptom | B36: Cause | C36: Fix
A37: A group shows 0 for a period that has data | B37: The Business Group text does not exactly match the approved value | C37: Re-select it from the drop-down
A38: A percentage is blank | B38: The previous period had no data, so there is nothing to compare | C38: Intentional, nothing to fix
A39: An entry is rejected | B39: The value is not on the approved list, is negative, or is not a valid date | C39: Correct it. Approved values are on Lists
A40: Charts show months with no line | B40: Those months are in the future | C40: Intentional, nothing to fix
A41: Numbers look stale | B41: The workbook has not recalculated | C41: Press F9, or close and reopen

Sheet MAIN DASHBOARD
A1: =TEXT(TODAY(),"mmmm") -> July
E2: Monthly | H2: Quarterly | K2: YTD
E3: ▼ | H3: ▼ | K3: ▼
B5: Demand Generation
E6: Leads | H6: Leads | K6: Leads
A7: ▶ | B7: Business Group | C7: Campaign/Stream | E7: Current Month | F7: Month-to-Month % | H7: Current Quarter | I7: Quarter-to-Quarter % | K7: January to date | L7: Total
B8: =Calculations!A14 -> JSE SheInvests | C8: =Calculations!B14 -> Ticket Sales / Sponsorships | E8: =Calculations!C14 -> 191 | F8: =Calculations!E14 -> 0.015957447 | H8: =Calculations!F14 -> 191 | I8: =Calculations!H14 -> -0.54196643 | K8: =Calculations!I14 -> 986 | L8: =Calculations!I18 -> 4261
B9: =Calculations!A15 -> Digital Marketing | C9: =Calculations!B15 -> YouTube / Listings Streaming | E9: =Calculations!C15 -> 205 | F9: =Calculations!E15 -> 0.27329193 | H9: =Calculations!F15 -> 205 | I9: =Calculations!H15 -> -0.62659381 | K9: =Calculations!I15 -> 1075
B10: =Calculations!A16 -> Events | C10: =Calculations!B16 -> Listings / External Events | E10: =Calculations!C16 -> 170 | F10: =Calculations!E16 -> -0.1005291 | H10: =Calculations!F16 -> 170 | I10: =Calculations!H16 -> -0.66861598 | K10: =Calculations!I16 -> 1112
B11: =Calculations!A17 -> Marketing Services | C11: =Calculations!B17 -> Secondary Markets | E11: =Calculations!C17 -> 208 | F11: =Calculations!E17 -> 0.36842105 | H11: =Calculations!F17 -> 208 | I11: =Calculations!H17 -> -0.57201646 | K11: =Calculations!I17 -> 1088
B13: Revenue Generation
E14: Revenue | H14: Revenue | K14: Revenue
A15: ▶ | B15: Business Group | C15: Campaign/Stream | E15: Current Month | F15: Month-to-Month % | H15: Current Quarter | I15: Quarter-to-Quarter % | K15: January to date | L15: Total
B16: =Calculations!A23 -> Primary Markets | C16: =Calculations!B23 -> Beyond Capital Campaign | E16: =Calculations!C23 -> 11572 | F16: =Calculations!E23 -> 0.93156401 | H16: =Calculations!F23 -> 11572 | I16: =Calculations!H23 -> -0.46741532 | K16: =Calculations!I23 -> 48560 | L16: =Calculations!I27 -> 227195
B17: =Calculations!A24 -> Secondary Markets | C17: =Calculations!B24 -> Sales Campaign - Colocation | E17: =Calculations!C24 -> 7600 | F17: =Calculations!E24 -> -0.31752874 | H17: =Calculations!F24 -> 7600 | I17: =Calculations!H24 -> -0.7764114 | K17: =Calculations!I24 -> 65304
B18: =Calculations!A25 -> Information Services | C18: =Calculations!B25 -> Marketplace | E18: =Calculations!C25 -> 8638 | F18: =Calculations!E25 -> 0.64189318 | H18: =Calculations!F25 -> 8638 | I18: =Calculations!H25 -> -0.73294172 | K18: =Calculations!I25 -> 59335
B19: =Calculations!A26 -> Issuer Services | C19: =Calculations!B26 -> Claim It Campaign | E19: =Calculations!C26 -> 16219 | F19: =Calculations!E26 -> 1.9979667 | H19: =Calculations!F26 -> 16219 | I19: =Calculations!H26 -> -0.026002883 | K19: =Calculations!I26 -> 53996
B20: Note: current month and current quarter reflect the period to date; percentage movements compare the period to date against the full previous period.
A22: ◆ | B22: Insights
A28: ◆ | B28: Looking Ahead

Sheet Analysis Dashboard
B1: Campaign Performance Analysis
B2: ="Marketing & Corporate Affairs | Year to date, January – "&TEXT(TODAY(),"mmmm yyyy")&" | All figures recalculate automatically" -> Marketing & Corporate Affairs | Year to date, January – July 2026 | All figures recalculate automatically
B4: YTD LEADS | E4: YTD REVENUE | H4: REVENUE PER LEAD | K4: BEST REVENUE MONTH | N4: TOP REVENUE GROUP
B5: =Analysis_Calc!B33 -> 4261 | E5: =Analysis_Calc!B34 -> 227195 | H5: =Analysis_Calc!B35 -> 53.319643 | K5: =Analysis_Calc!B36 -> May | N5: =Analysis_Calc!B37 -> Secondary Markets
B68: Key Insights
B74: Commentary reflects data captured up to 17 July 2026 and is refreshed by the analyst at each monthly review. All figures above it recalculate automatically.

Sheet Demand_Input
A1: Date | B1: Business Group | C1: Campaign/Stream | D1: Daily Leads (count)
A2: 46023 | B2: JSE SheInvests | C2: Ticket Sales / Sponsorships | D2: 36
A3: 46023 | B3: Marketing Services | C3: Secondary Markets | D3: 38
A4: 46026 | B4: JSE SheInvests | C4: Ticket Sales / Sponsorships | D4: 33
A5: 46026 | B5: Digital Marketing | C5: YouTube / Listings Streaming | D5: 40
A6: 46026 | B6: Marketing Services | C6: Secondary Markets | D6: 20
A7: 46029 | B7: JSE SheInvests | C7: Ticket Sales / Sponsorships | D7: 35
A8: 46029 | B8: Marketing Services | C8: Secondary Markets | D8: 26
A9: 46032 | B9: Marketing Services | C9: Secondary Markets | D9: 1
A10: 46035 | B10: Digital Marketing | C10: YouTube / Listings Streaming | D10: 3
A11: 46035 | B11: Events | C11: Listings / External Events | D11: 16
A12: 46038 | B12: Digital Marketing | C12: YouTube / Listings Streaming | D12: 38
A13: 46038 | B13: Marketing Services | C13: Secondary Markets | D13: 19
... A199: 46220 | B199: Marketing Services | C199: Secondary Markets | D199: 16

Sheet Revenue_Input
A1: Date | B1: Business Group | C1: Campaign/Stream | D1: Daily Revenue (R)
A2: 46023 | B2: Secondary Markets | C2: Sales Campaign - Colocation | D2: 116
A3: 46023 | B3: Issuer Services | C3: Claim It Campaign | D3: 513
A4: 46026 | B4: Issuer Services | C4: Claim It Campaign | D4: 1122
A5: 46029 | B5: Secondary Markets | C5: Sales Campaign - Colocation | D5: 2482
A6: 46029 | B6: Information Services | C6: Marketplace | D6: 2280
A7: 46032 | B7: Information Services | C7: Marketplace | D7: 107
A8: 46035 | B8: Primary Markets | C8: Beyond Capital Campaign | D8: 798
A9: 46035 | B9: Secondary Markets | C9: Sales Campaign - Colocation | D9: 476
A10: 46041 | B10: Secondary Markets | C10: Sales Campaign - Colocation | D10: 1630
A11: 46041 | B11: Information Services | C11: Marketplace | D11: 2130
A12: 46041 | B12: Issuer Services | C12: Claim It Campaign | D12: 1128
A13: 46044 | B13: Secondary Markets | C13: Sales Campaign - Colocation | D13: 221
... A185: 46220 | B185: Issuer Services | C185: Claim It Campaign | D185: 1393

Sheet Analysis_Calc
A1: Analysis engine — every figure recalculates automatically from the input tables. Do not type values here.
A3: Month | B3: Month Start | C3: JSE SheInvests | D3: Digital Marketing | E3: Events | F3: Marketing Services | G3: Leads Total | H3: Primary Markets | I3: Secondary Markets | J3: Information Services | K3: Issuer Services | L3: Revenue Total | M3: Cumulative Revenue | N3: Revenue (numeric) | O3: Leads (numeric)
A4: =TEXT($B4,"mmm") -> Jan | B4: =DATE(Calculations!$B$4,1,1) -> 46023 | C4: =IF($B4>TODAY(),NA(),SUMIFS(DemandTbl[Daily Leads (count)],DemandTbl[Business Group],C$3,DemandTbl[Date],">="&$B4,DemandTbl[Date],"<"&EDATE($B4,1))) -> 136 | D4: =IF($B4>TODAY(),NA(),SUMIFS(DemandTbl[Daily Leads (count)],DemandTbl[Business Group],D$3,DemandTbl[Date],">="&$B4,DemandTbl[Date],"<"&EDATE($B4,1))) -> 118 | E4: =IF($B4>TODAY(),NA(),SUMIFS(DemandTbl[Daily Leads (count)],DemandTbl[Business Group],E$3,DemandTbl[Date],">="&$B4,DemandTbl[Date],"<"&EDATE($B4,1))) -> 112 | F4: =IF($B4>TODAY(),NA(),SUMIFS(DemandTbl[Daily Leads (count)],DemandTbl[Business Group],F$3,DemandTbl[Date],">="&$B4,DemandTbl[Date],"<"&EDATE($B4,1))) -> 126 | G4: =IF($B4>TODAY(),NA(),SUM(C4:F4)) -> 492 | H4: =IF($B4>TODAY(),NA(),SUMIFS(RevenueTbl[Daily Revenue (R)],RevenueTbl[Business Group],H$3,RevenueTbl[Date],">="&$B4,RevenueTbl[Date],"<"&EDATE($B4,1))) -> 3449 | I4: =IF($B4>TODAY(),NA(),SUMIFS(RevenueTbl[Daily Revenue (R)],RevenueTbl[Business Group],I$3,RevenueTbl[Date],">="&$B4,RevenueTbl[Date],"<"&EDATE($B4,1))) -> 7384 | J4: =IF($B4>TODAY(),NA(),SUMIFS(RevenueTbl[Daily Revenue (R)],RevenueTbl[Business Group],J$3,RevenueTbl[Date],">="&$B4,RevenueTbl[Date],"<"&EDATE($B4,1))) -> 7234 | K4: =IF($B4>TODAY(),NA(),SUMIFS(RevenueTbl[Daily Revenue (R)],RevenueTbl[Business Group],K$3,RevenueTbl[Date],">="&$B4,RevenueTbl[Date],"<"&EDATE($B4,1))) -> 7546 | L4: =IF($B4>TODAY(),NA(),SUM(H4:K4)) -> 25613 | M4: =IF($B4>TODAY(),NA(),SUM($N$4:N4)) -> 25613 | N4: =IFERROR(L4,0) -> 25613 | O4: =IFERROR(G4,0) -> 492
A5: =TEXT($B5,"mmm") -> Feb | B5: =DATE(Calculations!$B$4,2,1) -> 46054 | C5: =IF($B5>TODAY(),NA(),SUMIFS(DemandTbl[Daily Leads (count)],DemandTbl[Business Group],C$3,DemandTbl[Date],">="&$B5,DemandTbl[Date],"<"&EDATE($B5,1))) -> 181 | D5: =IF($B5>TODAY(),NA(),SUMIFS(DemandTbl[Daily Leads (count)],DemandTbl[Business Group],D$3,DemandTbl[Date],">="&$B5,DemandTbl[Date],"<"&EDATE($B5,1))) -> 108 | E5: =IF($B5>TODAY(),NA(),SUMIFS(DemandTbl[Daily Leads (count)],DemandTbl[Business Group],E$3,DemandTbl[Date],">="&$B5,DemandTbl[Date],"<"&EDATE($B5,1))) -> 196 | F5: =IF($B5>TODAY(),NA(),SUMIFS(DemandTbl[Daily Leads (count)],DemandTbl[Business Group],F$3,DemandTbl[Date],">="&$B5,DemandTbl[Date],"<"&EDATE($B5,1))) -> 166 | G5: =IF($B5>TODAY(),NA(),SUM(C5:F5)) -> 651 | H5: =IF($B5>TODAY(),NA(),SUMIFS(RevenueTbl[Daily Revenue (R)],RevenueTbl[Business Group],H$3,RevenueTbl[Date],">="&$B5,RevenueTbl[Date],"<"&EDATE($B5,1))) -> 5169 | I5: =IF($B5>TODAY(),NA(),SUMIFS(RevenueTbl[Daily Revenue (R)],RevenueTbl[Business Group],I$3,RevenueTbl[Date],">="&$B5,RevenueTbl[Date],"<"&EDATE($B5,1))) -> 6302 | J5: =IF($B5>TODAY(),NA(),SUMIFS(RevenueTbl[Daily Revenue (R)],RevenueTbl[Business Group],J$3,RevenueTbl[Date],">="&$B5,RevenueTbl[Date],"<"&EDATE($B5,1))) -> 4175 | K5: =IF($B5>TODAY(),NA(),SUMIFS(RevenueTbl[Daily Revenue (R)],RevenueTbl[Business Group],K$3,RevenueTbl[Date],">="&$B5,RevenueTbl[Date],"<"&EDATE($B5,1))) -> 6340 | L5: =IF($B5>TODAY(),NA(),SUM(H5:K5)) -> 21986 | M5: =IF($B5>TODAY(),NA(),SUM($N$4:N5)) -> 47599 | N5: =IFERROR(L5,0) -> 21986 | O5: =IFERROR(G5,0) -> 651
A6: =TEXT($B6,"mmm") -> Mar | B6: =DATE(Calculations!$B$4,3,1) -> 46082 | C6: =IF($B6>TODAY(),NA(),SUMIFS(DemandTbl[Daily Leads (count)],DemandTbl[Business Group],C$3,DemandTbl[Date],">="&$B6,DemandTbl[Date],"<"&EDATE($B6,1))) -> 61 | D6: =IF($B6>TODAY(),NA(),SUMIFS(DemandTbl[Daily Leads (count)],DemandTbl[Business Group],D$3,DemandTbl[Date],">="&$B6,DemandTbl[Date],"<"&EDATE($B6,1))) -> 95 | E6: =IF($B6>TODAY(),NA(),SUMIFS(DemandTbl[Daily Leads (count)],DemandTbl[Business Group],E$3,DemandTbl[Date],">="&$B6,DemandTbl[Date],"<"&EDATE($B6,1))) -> 121 | F6: =IF($B6>TODAY(),NA(),SUMIFS(DemandTbl[Daily Leads (count)],DemandTbl[Business Group],F$3,DemandTbl[Date],">="&$B6,DemandTbl[Date],"<"&EDATE($B6,1))) -> 102 | G6: =IF($B6>TODAY(),NA(),SUM(C6:F6)) -> 379 | H6: =IF($B6>TODAY(),NA(),SUMIFS(RevenueTbl[Daily Revenue (R)],RevenueTbl[Business Group],H$3,RevenueTbl[Date],">="&$B6,RevenueTbl[Date],"<"&EDATE($B6,1))) -> 6642 | I6: =IF($B6>TODAY(),NA(),SUMIFS(RevenueTbl[Daily Revenue (R)],RevenueTbl[Business Group],I$3,RevenueTbl[Date],">="&$B6,RevenueTbl[Date],"<"&EDATE($B6,1))) -> 10027 | J6: =IF($B6>TODAY(),NA(),SUMIFS(RevenueTbl[Daily Revenue (R)],RevenueTbl[Business Group],J$3,RevenueTbl[Date],">="&$B6,RevenueTbl[Date],"<"&EDATE($B6,1))) -> 6943 | K6: =IF($B6>TODAY(),NA(),SUMIFS(RevenueTbl[Daily Revenue (R)],RevenueTbl[Business Group],K$3,RevenueTbl[Date],">="&$B6,RevenueTbl[Date],"<"&EDATE($B6,1))) -> 7239 | L6: =IF($B6>TODAY(),NA(),SUM(H6:K6)) -> 30851 | M6: =IF($B6>TODAY(),NA(),SUM($N$4:N6)) -> 78450 | N6: =IFERROR(L6,0) -> 30851 | O6: =IFERROR(G6,0) -> 379
A7: =TEXT($B7,"mmm") -> Apr | B7: =DATE(Calculations!$B$4,4,1) -> 46113 | C7: =IF($B7>TODAY(),NA(),SUMIFS(DemandTbl[Daily Leads (count)],DemandTbl[Business Group],C$3,DemandTbl[Date],">="&$B7,DemandTbl[Date],"<"&EDATE($B7,1))) -> 87 | D7: =IF($B7>TODAY(),NA(),SUMIFS(DemandTbl[Daily Leads (count)],DemandTbl[Business Group],D$3,DemandTbl[Date],">="&$B7,DemandTbl[Date],"<"&EDATE($B7,1))) -> 134 | E7: =IF($B7>TODAY(),NA(),SUMIFS(DemandTbl[Daily Leads (count)],DemandTbl[Business Group],E$3,DemandTbl[Date],">="&$B7,DemandTbl[Date],"<"&EDATE($B7,1))) -> 130 | F7: =IF($B7>TODAY(),NA(),SUMIFS(DemandTbl[Daily Leads (count)],DemandTbl[Business Group],F$3,DemandTbl[Date],">="&$B7,DemandTbl[Date],"<"&EDATE($B7,1))) -> 99 | G7: =IF($B7>TODAY(),NA(),SUM(C7:F7)) -> 450 | H7: =IF($B7>TODAY(),NA(),SUMIFS(RevenueTbl[Daily Revenue (R)],RevenueTbl[Business Group],H$3,RevenueTbl[Date],">="&$B7,RevenueTbl[Date],"<"&EDATE($B7,1))) -> 5522 | I7: =IF($B7>TODAY(),NA(),SUMIFS(RevenueTbl[Daily Revenue (R)],RevenueTbl[Business Group],I$3,RevenueTbl[Date],">="&$B7,RevenueTbl[Date],"<"&EDATE($B7,1))) -> 8897 | J7: =IF($B7>TODAY(),NA(),SUMIFS(RevenueTbl[Daily Revenue (R)],RevenueTbl[Business Group],J$3,RevenueTbl[Date],">="&$B7,RevenueTbl[Date],"<"&EDATE($B7,1))) -> 8408 | K7: =IF($B7>TODAY(),NA(),SUMIFS(RevenueTbl[Daily Revenue (R)],RevenueTbl[Business Group],K$3,RevenueTbl[Date],">="&$B7,RevenueTbl[Date],"<"&EDATE($B7,1))) -> 4193 | L7: =IF($B7>TODAY(),NA(),SUM(H7:K7)) -> 27020 | M7: =IF($B7>TODAY(),NA(),SUM($N$4:N7)) -> 105470 | N7: =IFERROR(L7,0) -> 27020 | O7: =IFERROR(G7,0) -> 450
A8: =TEXT($B8,"mmm") -> May | B8: =DATE(Calculations!$B$4,5,1) -> 46143 | C8: =IF($B8>TODAY(),NA(),SUMIFS(DemandTbl[Daily Leads (count)],DemandTbl[Business Group],C$3,DemandTbl[Date],">="&$B8,DemandTbl[Date],"<"&EDATE($B8,1))) -> 142 | D8: =IF($B8>TODAY(),NA(),SUMIFS(DemandTbl[Daily Leads (count)],DemandTbl[Business Group],D$3,DemandTbl[Date],">="&$B8,DemandTbl[Date],"<"&EDATE($B8,1))) -> 254 | E8: =IF($B8>TODAY(),NA(),SUMIFS(DemandTbl[Daily Leads (count)],DemandTbl[Business Group],E$3,DemandTbl[Date],">="&$B8,DemandTbl[Date],"<"&EDATE($B8,1))) -> 194 | F8: =IF($B8>TODAY(),NA(),SUMIFS(DemandTbl[Daily Leads (count)],DemandTbl[Business Group],F$3,DemandTbl[Date],">="&$B8,DemandTbl[Date],"<"&EDATE($B8,1))) -> 235 | G8: =IF($B8>TODAY(),NA(),SUM(C8:F8)) -> 825 | H8: =IF($B8>TODAY(),NA(),SUMIFS(RevenueTbl[Daily Revenue (R)],RevenueTbl[Business Group],H$3,RevenueTbl[Date],">="&$B8,RevenueTbl[Date],"<"&EDATE($B8,1))) -> 10215 | I8: =IF($B8>TODAY(),NA(),SUMIFS(RevenueTbl[Daily Revenue (R)],RevenueTbl[Business Group],I$3,RevenueTbl[Date],">="&$B8,RevenueTbl[Date],"<"&EDATE($B8,1))) -> 13958 | J8: =IF($B8>TODAY(),NA(),SUMIFS(RevenueTbl[Daily Revenue (R)],RevenueTbl[Business Group],J$3,RevenueTbl[Date],">="&$B8,RevenueTbl[Date],"<"&EDATE($B8,1))) -> 18676 | K8: =IF($B8>TODAY(),NA(),SUMIFS(RevenueTbl[Daily Revenue (R)],RevenueTbl[Business Group],K$3,RevenueTbl[Date],">="&$B8,RevenueTbl[Date],"<"&EDATE($B8,1))) -> 7049 | L8: =IF($B8>TODAY(),NA(),SUM(H8:K8)) -> 49898 | M8: =IF($B8>TODAY(),NA(),SUM($N$4:N8)) -> 155368 | N8: =IFERROR(L8,0) -> 49898 | O8: =IFERROR(G8,0) -> 825
A9: =TEXT($B9,"mmm") -> Jun | B9: =DATE(Calculations!$B$4,6,1) -> 46174 | C9: =IF($B9>TODAY(),NA(),SUMIFS(DemandTbl[Daily Leads (count)],DemandTbl[Business Group],C$3,DemandTbl[Date],">="&$B9,DemandTbl[Date],"<"&EDATE($B9,1))) -> 188 | D9: =IF($B9>TODAY(),NA(),SUMIFS(DemandTbl[Daily Leads (count)],DemandTbl[Business Group],D$3,DemandTbl[Date],">="&$B9,DemandTbl[Date],"<"&EDATE($B9,1))) -> 161 | E9: =IF($B9>TODAY(),NA(),SUMIFS(DemandTbl[Daily Leads (count)],DemandTbl[Business Group],E$3,DemandTbl[Date],">="&$B9,DemandTbl[Date],"<"&EDATE($B9,1))) -> 189 | F9: =IF($B9>TODAY(),NA(),SUMIFS(DemandTbl[Daily Leads (count)],DemandTbl[Business Group],F$3,DemandTbl[Date],">="&$B9,DemandTbl[Date],"<"&EDATE($B9,1))) -> 152 | G9: =IF($B9>TODAY(),NA(),SUM(C9:F9)) -> 690 | H9: =IF($B9>TODAY(),NA(),SUMIFS(RevenueTbl[Daily Revenue (R)],RevenueTbl[Business Group],H$3,RevenueTbl[Date],">="&$B9,RevenueTbl[Date],"<"&EDATE($B9,1))) -> 5991 | I9: =IF($B9>TODAY(),NA(),SUMIFS(RevenueTbl[Daily Revenue (R)],RevenueTbl[Business Group],I$3,RevenueTbl[Date],">="&$B9,RevenueTbl[Date],"<"&EDATE($B9,1))) -> 11136 | J9: =IF($B9>TODAY(),NA(),SUMIFS(RevenueTbl[Daily Revenue (R)],RevenueTbl[Business Group],J$3,RevenueTbl[Date],">="&$B9,RevenueTbl[Date],"<"&EDATE($B9,1))) -> 5261 | K9: =IF($B9>TODAY(),NA(),SUMIFS(RevenueTbl[Daily Revenue (R)],RevenueTbl[Business Group],K$3,RevenueTbl[Date],">="&$B9,RevenueTbl[Date],"<"&EDATE($B9,1))) -> 5410 | L9: =IF($B9>TODAY(),NA(),SUM(H9:K9)) -> 27798 | M9: =IF($B9>TODAY(),NA(),SUM($N$4:N9)) -> 183166 | N9: =IFERROR(L9,0) -> 27798 | O9: =IFERROR(G9,0) -> 690
A10: =TEXT($B10,"mmm") -> Jul | B10: =DATE(Calculations!$B$4,7,1) -> 46204 | C10: =IF($B10>TODAY(),NA(),SUMIFS(DemandTbl[Daily Leads (count)],DemandTbl[Business Group],C$3,DemandTbl[Date],">="&$B10,DemandTbl[Date],"<"&EDATE($B10,1))) -> 191 | D10: =IF($B10>TODAY(),NA(),SUMIFS(DemandTbl[Daily Leads (count)],DemandTbl[Business Group],D$3,DemandTbl[Date],">="&$B10,DemandTbl[Date],"<"&EDATE($B10,1))) -> 205 | E10: =IF($B10>TODAY(),NA(),SUMIFS(DemandTbl[Daily Leads (count)],DemandTbl[Business Group],E$3,DemandTbl[Date],">="&$B10,DemandTbl[Date],"<"&EDATE($B10,1))) -> 170 | F10: =IF($B10>TODAY(),NA(),SUMIFS(DemandTbl[Daily Leads (count)],DemandTbl[Business Group],F$3,DemandTbl[Date],">="&$B10,DemandTbl[Date],"<"&EDATE($B10,1))) -> 208 | G10: =IF($B10>TODAY(),NA(),SUM(C10:F10)) -> 774 | H10: =IF($B10>TODAY(),NA(),SUMIFS(RevenueTbl[Daily Revenue (R)],RevenueTbl[Business Group],H$3,RevenueTbl[Date],">="&$B10,RevenueTbl[Date],"<"&EDATE($B10,1))) -> 11572 | I10: =IF($B10>TODAY(),NA(),SUMIFS(RevenueTbl[Daily Revenue (R)],RevenueTbl[Business Group],I$3,RevenueTbl[Date],">="&$B10,RevenueTbl[Date],"<"&EDATE($B10,1))) -> 7600 | J10: =IF($B10>TODAY(),NA(),SUMIFS(RevenueTbl[Daily Revenue (R)],RevenueTbl[Business Group],J$3,RevenueTbl[Date],">="&$B10,RevenueTbl[Date],"<"&EDATE($B10,1))) -> 8638 | K10: =IF($B10>TODAY(),NA(),SUMIFS(RevenueTbl[Daily Revenue (R)],RevenueTbl[Business Group],K$3,RevenueTbl[Date],">="&$B10,RevenueTbl[Date],"<"&EDATE($B10,1))) -> 16219 | L10: =IF($B10>TODAY(),NA(),SUM(H10:K10)) -> 44029 | M10: =IF($B10>TODAY(),NA(),SUM($N$4:N10)) -> 227195 | N10: =IFERROR(L10,0) -> 44029 | O10: =IFERROR(G10,0) -> 774
A11: =TEXT($B11,"mmm") -> Aug | B11: =DATE(Calculations!$B$4,8,1) -> 46235 | C11: =IF($B11>TODAY(),NA(),SUMIFS(DemandTbl[Daily Leads (count)],DemandTbl[Business Group],C$3,DemandTbl[Date],">="&$B11,DemandTbl[Date],"<"&EDATE($B11,1))) -> #N/A | D11: =IF($B11>TODAY(),NA(),SUMIFS(DemandTbl[Daily Leads (count)],DemandTbl[Business Group],D$3,DemandTbl[Date],">="&$B11,DemandTbl[Date],"<"&EDATE($B11,1))) -> #N/A | E11: =IF($B11>TODAY(),NA(),SUMIFS(DemandTbl[Daily Leads (count)],DemandTbl[Business Group],E$3,DemandTbl[Date],">="&$B11,DemandTbl[Date],"<"&EDATE($B11,1))) -> #N/A | F11: =IF($B11>TODAY(),NA(),SUMIFS(DemandTbl[Daily Leads (count)],DemandTbl[Business Group],F$3,DemandTbl[Date],">="&$B11,DemandTbl[Date],"<"&EDATE($B11,1))) -> #N/A | G11: =IF($B11>TODAY(),NA(),SUM(C11:F11)) -> #N/A | H11: =IF($B11>TODAY(),NA(),SUMIFS(RevenueTbl[Daily Revenue (R)],RevenueTbl[Business Group],H$3,RevenueTbl[Date],">="&$B11,RevenueTbl[Date],"<"&EDATE($B11,1))) -> #N/A | I11: =IF($B11>TODAY(),NA(),SUMIFS(RevenueTbl[Daily Revenue (R)],RevenueTbl[Business Group],I$3,RevenueTbl[Date],">="&$B11,RevenueTbl[Date],"<"&EDATE($B11,1))) -> #N/A | J11: =IF($B11>TODAY(),NA(),SUMIFS(RevenueTbl[Daily Revenue (R)],RevenueTbl[Business Group],J$3,RevenueTbl[Date],">="&$B11,RevenueTbl[Date],"<"&EDATE($B11,1))) -> #N/A | K11: =IF($B11>TODAY(),NA(),SUMIFS(RevenueTbl[Daily Revenue (R)],RevenueTbl[Business Group],K$3,RevenueTbl[Date],">="&$B11,RevenueTbl[Date],"<"&EDATE($B11,1))) -> #N/A | L11: =IF($B11>TODAY(),NA(),SUM(H11:K11)) -> #N/A | M11: =IF($B11>TODAY(),NA(),SUM($N$4:N11)) -> #N/A | N11: =IFERROR(L11,0) -> 0 | O11: =IFERROR(G11,0) -> 0
A12: =TEXT($B12,"mmm") -> Sep | B12: =DATE(Calculations!$B$4,9,1) -> 46266 | C12: =IF($B12>TODAY(),NA(),SUMIFS(DemandTbl[Daily Leads (count)],DemandTbl[Business Group],C$3,DemandTbl[Date],">="&$B12,DemandTbl[Date],"<"&EDATE($B12,1))) -> #N/A | D12: =IF($B12>TODAY(),NA(),SUMIFS(DemandTbl[Daily Leads (count)],DemandTbl[Business Group],D$3,DemandTbl[Date],">="&$B12,DemandTbl[Date],"<"&EDATE($B12,1))) -> #N/A | E12: =IF($B12>TODAY(),NA(),SUMIFS(DemandTbl[Daily Leads (count)],DemandTbl[Business Group],E$3,DemandTbl[Date],">="&$B12,DemandTbl[Date],"<"&EDATE($B12,1))) -> #N/A | F12: =IF($B12>TODAY(),NA(),SUMIFS(DemandTbl[Daily Leads (count)],DemandTbl[Business Group],F$3,DemandTbl[Date],">="&$B12,DemandTbl[Date],"<"&EDATE($B12,1))) -> #N/A | G12: =IF($B12>TODAY(),NA(),SUM(C12:F12)) -> #N/A | H12: =IF($B12>TODAY(),NA(),SUMIFS(RevenueTbl[Daily Revenue (R)],RevenueTbl[Business Group],H$3,RevenueTbl[Date],">="&$B12,RevenueTbl[Date],"<"&EDATE($B12,1))) -> #N/A | I12: =IF($B12>TODAY(),NA(),SUMIFS(RevenueTbl[Daily Revenue (R)],RevenueTbl[Business Group],I$3,RevenueTbl[Date],">="&$B12,RevenueTbl[Date],"<"&EDATE($B12,1))) -> #N/A | J12: =IF($B12>TODAY(),NA(),SUMIFS(RevenueTbl[Daily Revenue (R)],RevenueTbl[Business Group],J$3,RevenueTbl[Date],">="&$B12,RevenueTbl[Date],"<"&EDATE($B12,1))) -> #N/A | K12: =IF($B12>TODAY(),NA(),SUMIFS(RevenueTbl[Daily Revenue (R)],RevenueTbl[Business Group],K$3,RevenueTbl[Date],">="&$B12,RevenueTbl[Date],"<"&EDATE($B12,1))) -> #N/A | L12: =IF($B12>TODAY(),NA(),SUM(H12:K12)) -> #N/A | M12: =IF($B12>TODAY(),NA(),SUM($N$4:N12)) -> #N/A | N12: =IFERROR(L12,0) -> 0 | O12: =IFERROR(G12,0) -> 0
A13: =TEXT($B13,"mmm") -> Oct | B13: =DATE(Calculations!$B$4,10,1) -> 46296 | C13: =IF($B13>TODAY(),NA(),SUMIFS(DemandTbl[Daily Leads (count)],DemandTbl[Business Group],C$3,DemandTbl[Date],">="&$B13,DemandTbl[Date],"<"&EDATE($B13,1))) -> #N/A | D13: =IF($B13>TODAY(),NA(),SUMIFS(DemandTbl[Daily Leads (count)],DemandTbl[Business Group],D$3,DemandTbl[Date],">="&$B13,DemandTbl[Date],"<"&EDATE($B13,1))) -> #N/A | E13: =IF($B13>TODAY(),NA(),SUMIFS(DemandTbl[Daily Leads (count)],DemandTbl[Business Group],E$3,DemandTbl[Date],">="&$B13,DemandTbl[Date],"<"&EDATE($B13,1))) -> #N/A | F13: =IF($B13>TODAY(),NA(),SUMIFS(DemandTbl[Daily Leads (count)],DemandTbl[Business Group],F$3,DemandTbl[Date],">="&$B13,DemandTbl[Date],"<"&EDATE($B13,1))) -> #N/A | G13: =IF($B13>TODAY(),NA(),SUM(C13:F13)) -> #N/A | H13: =IF($B13>TODAY(),NA(),SUMIFS(RevenueTbl[Daily Revenue (R)],RevenueTbl[Business Group],H$3,RevenueTbl[Date],">="&$B13,RevenueTbl[Date],"<"&EDATE($B13,1))) -> #N/A | I13: =IF($B13>TODAY(),NA(),SUMIFS(RevenueTbl[Daily Revenue (R)],RevenueTbl[Business Group],I$3,RevenueTbl[Date],">="&$B13,RevenueTbl[Date],"<"&EDATE($B13,1))) -> #N/A | J13: =IF($B13>TODAY(),NA(),SUMIFS(RevenueTbl[Daily Revenue (R)],RevenueTbl[Business Group],J$3,RevenueTbl[Date],">="&$B13,RevenueTbl[Date],"<"&EDATE($B13,1))) -> #N/A | K13: =IF($B13>TODAY(),NA(),SUMIFS(RevenueTbl[Daily Revenue (R)],RevenueTbl[Business Group],K$3,RevenueTbl[Date],">="&$B13,RevenueTbl[Date],"<"&EDATE($B13,1))) -> #N/A | L13: =IF($B13>TODAY(),NA(),SUM(H13:K13)) -> #N/A | M13: =IF($B13>TODAY(),NA(),SUM($N$4:N13)) -> #N/A | N13: =IFERROR(L13,0) -> 0 | O13: =IFERROR(G13,0) -> 0
A14: =TEXT($B14,"mmm") -> Nov | B14: =DATE(Calculations!$B$4,11,1) -> 46327 | C14: =IF($B14>TODAY(),NA(),SUMIFS(DemandTbl[Daily Leads (count)],DemandTbl[Business Group],C$3,DemandTbl[Date],">="&$B14,DemandTbl[Date],"<"&EDATE($B14,1))) -> #N/A | D14: =IF($B14>TODAY(),NA(),SUMIFS(DemandTbl[Daily Leads (count)],DemandTbl[Business Group],D$3,DemandTbl[Date],">="&$B14,DemandTbl[Date],"<"&EDATE($B14,1))) -> #N/A | E14: =IF($B14>TODAY(),NA(),SUMIFS(DemandTbl[Daily Leads (count)],DemandTbl[Business Group],E$3,DemandTbl[Date],">="&$B14,DemandTbl[Date],"<"&EDATE($B14,1))) -> #N/A | F14: =IF($B14>TODAY(),NA(),SUMIFS(DemandTbl[Daily Leads (count)],DemandTbl[Business Group],F$3,DemandTbl[Date],">="&$B14,DemandTbl[Date],"<"&EDATE($B14,1))) -> #N/A | G14: =IF($B14>TODAY(),NA(),SUM(C14:F14)) -> #N/A | H14: =IF($B14>TODAY(),NA(),SUMIFS(RevenueTbl[Daily Revenue (R)],RevenueTbl[Business Group],H$3,RevenueTbl[Date],">="&$B14,RevenueTbl[Date],"<"&EDATE($B14,1))) -> #N/A | I14: =IF($B14>TODAY(),NA(),SUMIFS(RevenueTbl[Daily Revenue (R)],RevenueTbl[Business Group],I$3,RevenueTbl[Date],">="&$B14,RevenueTbl[Date],"<"&EDATE($B14,1))) -> #N/A | J14: =IF($B14>TODAY(),NA(),SUMIFS(RevenueTbl[Daily Revenue (R)],RevenueTbl[Business Group],J$3,RevenueTbl[Date],">="&$B14,RevenueTbl[Date],"<"&EDATE($B14,1))) -> #N/A | K14: =IF($B14>TODAY(),NA(),SUMIFS(RevenueTbl[Daily Revenue (R)],RevenueTbl[Business Group],K$3,RevenueTbl[Date],">="&$B14,RevenueTbl[Date],"<"&EDATE($B14,1))) -> #N/A | L14: =IF($B14>TODAY(),NA(),SUM(H14:K14)) -> #N/A | M14: =IF($B14>TODAY(),NA(),SUM($N$4:N14)) -> #N/A | N14: =IFERROR(L14,0) -> 0 | O14: =IFERROR(G14,0) -> 0
A15: =TEXT($B15,"mmm") -> Dec | B15: =DATE(Calculations!$B$4,12,1) -> 46357 | C15: =IF($B15>TODAY(),NA(),SUMIFS(DemandTbl[Daily Leads (count)],DemandTbl[Business Group],C$3,DemandTbl[Date],">="&$B15,DemandTbl[Date],"<"&EDATE($B15,1))) -> #N/A | D15: =IF($B15>TODAY(),NA(),SUMIFS(DemandTbl[Daily Leads (count)],DemandTbl[Business Group],D$3,DemandTbl[Date],">="&$B15,DemandTbl[Date],"<"&EDATE($B15,1))) -> #N/A | E15: =IF($B15>TODAY(),NA(),SUMIFS(DemandTbl[Daily Leads (count)],DemandTbl[Business Group],E$3,DemandTbl[Date],">="&$B15,DemandTbl[Date],"<"&EDATE($B15,1))) -> #N/A | F15: =IF($B15>TODAY(),NA(),SUMIFS(DemandTbl[Daily Leads (count)],DemandTbl[Business Group],F$3,DemandTbl[Date],">="&$B15,DemandTbl[Date],"<"&EDATE($B15,1))) -> #N/A | G15: =IF($B15>TODAY(),NA(),SUM(C15:F15)) -> #N/A | H15: =IF($B15>TODAY(),NA(),SUMIFS(RevenueTbl[Daily Revenue (R)],RevenueTbl[Business Group],H$3,RevenueTbl[Date],">="&$B15,RevenueTbl[Date],"<"&EDATE($B15,1))) -> #N/A | I15: =IF($B15>TODAY(),NA(),SUMIFS(RevenueTbl[Daily Revenue (R)],RevenueTbl[Business Group],I$3,RevenueTbl[Date],">="&$B15,RevenueTbl[Date],"<"&EDATE($B15,1))) -> #N/A | J15: =IF($B15>TODAY(),NA(),SUMIFS(RevenueTbl[Daily Revenue (R)],RevenueTbl[Business Group],J$3,RevenueTbl[Date],">="&$B15,RevenueTbl[Date],"<"&EDATE($B15,1))) -> #N/A | K15: =IF($B15>TODAY(),NA(),SUMIFS(RevenueTbl[Daily Revenue (R)],RevenueTbl[Business Group],K$3,RevenueTbl[Date],">="&$B15,RevenueTbl[Date],"<"&EDATE($B15,1))) -> #N/A | L15: =IF($B15>TODAY(),NA(),SUM(H15:K15)) -> #N/A | M15: =IF($B15>TODAY(),NA(),SUM($N$4:N15)) -> #N/A | N15: =IFERROR(L15,0) -> 0 | O15: =IFERROR(G15,0) -> 0
A18: Quarter | B18: Quarter Start | C18: Leads | D18: Revenue (R)
A19: Q1 | B19: =DATE(Calculations!$B$4,1,1) -> 46023 | C19: =IF($B19>TODAY(),NA(),SUM(O4:O6)) -> 1522 | D19: =IF($B19>TODAY(),NA(),SUM(N4:N6)) -> 78450
A20: Q2 | B20: =DATE(Calculations!$B$4,4,1) -> 46113 | C20: =IF($B20>TODAY(),NA(),SUM(O7:O9)) -> 1965 | D20: =IF($B20>TODAY(),NA(),SUM(N7:N9)) -> 104716
A21: Q3 | B21: =DATE(Calculations!$B$4,7,1) -> 46204 | C21: =IF($B21>TODAY(),NA(),SUM(O10:O12)) -> 774 | D21: =IF($B21>TODAY(),NA(),SUM(N10:N12)) -> 44029
A22: Q4 | B22: =DATE(Calculations!$B$4,10,1) -> 46296 | C22: =IF($B22>TODAY(),NA(),SUM(O13:O15)) -> #N/A | D22: =IF($B22>TODAY(),NA(),SUM(N13:N15)) -> #N/A
A25: Business Group (Demand) | B25: YTD Leads | C25: Share | E25: Business Group (Revenue) | F25: YTD Revenue (R) | G25: Share
A26: =Calculations!A14 -> JSE SheInvests | B26: =Calculations!I14 -> 986 | C26: =B26/SUM($B$26:$B$29) -> 0.23140108 | E26: =Calculations!A23 -> Primary Markets | F26: =Calculations!I23 -> 48560 | G26: =F26/SUM($F$26:$F$29) -> 0.2137371
A27: =Calculations!A15 -> Digital Marketing | B27: =Calculations!I15 -> 1075 | C27: =B27/SUM($B$26:$B$29) -> 0.2522882 | E27: =Calculations!A24 -> Secondary Markets | F27: =Calculations!I24 -> 65304 | G27: =F27/SUM($F$26:$F$29) -> 0.2874359
A28: =Calculations!A16 -> Events | B28: =Calculations!I16 -> 1112 | C28: =B28/SUM($B$26:$B$29) -> 0.2609716 | E28: =Calculations!A25 -> Information Services | F28: =Calculations!I25 -> 59335 | G28: =F28/SUM($F$26:$F$29) -> 0.26116332
A29: =Calculations!A17 -> Marketing Services | B29: =Calculations!I17 -> 1088 | C29: =B29/SUM($B$26:$B$29) -> 0.25533912 | E29: =Calculations!A26 -> Issuer Services | F29: =Calculations!I26 -> 53996 | G29: =F29/SUM($F$26:$F$29) -> 0.23766368
A32: KPI helpers
A33: YTD Leads | B33: =Calculations!I18 -> 4261
A34: YTD Revenue (R) | B34: =Calculations!I27 -> 227195
A35: Revenue per Lead (R) | B35: =IFERROR(Calculations!I27/Calculations!I18,0) -> 53.319643
A36: Best Revenue Month | B36: =INDEX($A$4:$A$15,MATCH(MAX($N$4:$N$15),$N$4:$N$15,0)) -> May
A37: Top Revenue Group | B37: =INDEX($E$26:$E$29,MATCH(MAX($F$26:$F$29),$F$26:$F$29,0)) -> Secondary Markets
A38: Top Demand Group | B38: =INDEX($A$26:$A$29,MATCH(MAX($B$26:$B$29),$B$26:$B$29,0)) -> Events

Sheet Calculations
A1: Date anchors
A2: Today | B2: =TODAY() -> 46232
A3: Cur Month | B3: =MONTH(B2) -> 7
A4: Cur Year | B4: =YEAR(B2) -> 2026
A5: Prev Month | B5: =IF(B3=1,12,B3-1) -> 6
A6: Prev Mth Year | B6: =IF(B3=1,B4-1,B4) -> 2026
A7: Cur Quarter | B7: =ROUNDUP(B3/3,0) -> 3
A8: Prev Quarter | B8: =IF(B7=1,4,B7-1) -> 2
A9: Prev Qtr Year | B9: =IF(B7=1,B4-1,B4) -> 2026
A10: Year Start | B10: =DATE(B4,1,1) -> 46023
A12: DEMAND GENERATION (Leads)
A13: Business Group | B13: Stream | C13: Cur Month | D13: Prev Month | E13: MoM % | F13: Cur Quarter | G13: Prev Quarter | H13: QoQ % | I13: YTD
A14: JSE SheInvests | B14: Ticket Sales / Sponsorships | C14: =IFERROR(SUMIFS(DemandTbl[Daily Leads (count)],DemandTbl[Business Group],$A14,DemandTbl[Date],">="&DATE($B$4,$B$3,1),DemandTbl[Date],"<"&DATE($B$4,$B$3+1,1)),0) -> 191 | D14: =IFERROR(SUMIFS(DemandTbl[Daily Leads (count)],DemandTbl[Business Group],$A14,DemandTbl[Date],">="&DATE($B$6,$B$5,1),DemandTbl[Date],"<"&DATE($B$6,$B$5+1,1)),0) -> 188 | E14: =IFERROR((C14-D14)/D14,"") -> 0.015957447 | F14: =IFERROR(SUMIFS(DemandTbl[Daily Leads (count)],DemandTbl[Business Group],$A14,DemandTbl[Date],">="&DATE($B$4,($B$7-1)*3+1,1),DemandTbl[Date],"<"&DATE($B$4,$B$7*3+1,1)),0) -> 191 | G14: =IFERROR(SUMIFS(DemandTbl[Daily Leads (count)],DemandTbl[Business Group],$A14,DemandTbl[Date],">="&DATE($B$9,($B$8-1)*3+1,1),DemandTbl[Date],"<"&EDATE(DATE($B$9,($B$8-1)*3+1,1),3)),0) -> 417 | H14: =IFERROR((F14-G14)/G14,"") -> -0.54196643 | I14: =IFERROR(SUMIFS(DemandTbl[Daily Leads (count)],DemandTbl[Business Group],$A14,DemandTbl[Date],">="&$B$10,DemandTbl[Date],"<="&$B$2),0) -> 986
A15: Digital Marketing | B15: YouTube / Listings Streaming | C15: =IFERROR(SUMIFS(DemandTbl[Daily Leads (count)],DemandTbl[Business Group],$A15,DemandTbl[Date],">="&DATE($B$4,$B$3,1),DemandTbl[Date],"<"&DATE($B$4,$B$3+1,1)),0) -> 205 | D15: =IFERROR(SUMIFS(DemandTbl[Daily Leads (count)],DemandTbl[Business Group],$A15,DemandTbl[Date],">="&DATE($B$6,$B$5,1),DemandTbl[Date],"<"&DATE($B$6,$B$5+1,1)),0) -> 161 | E15: =IFERROR((C15-D15)/D15,"") -> 0.27329193 | F15: =IFERROR(SUMIFS(DemandTbl[Daily Leads (count)],DemandTbl[Business Group],$A15,DemandTbl[Date],">="&DATE($B$4,($B$7-1)*3+1,1),DemandTbl[Date],"<"&DATE($B$4,$B$7*3+1,1)),0) -> 205 | G15: =IFERROR(SUMIFS(DemandTbl[Daily Leads (count)],DemandTbl[Business Group],$A15,DemandTbl[Date],">="&DATE($B$9,($B$8-1)*3+1,1),DemandTbl[Date],"<"&EDATE(DATE($B$9,($B$8-1)*3+1,1),3)),0) -> 549 | H15: =IFERROR((F15-G15)/G15,"") -> -0.62659381 | I15: =IFERROR(SUMIFS(DemandTbl[Daily Leads (count)],DemandTbl[Business Group],$A15,DemandTbl[Date],">="&$B$10,DemandTbl[Date],"<="&$B$2),0) -> 1075
A16: Events | B16: Listings / External Events | C16: =IFERROR(SUMIFS(DemandTbl[Daily Leads (count)],DemandTbl[Business Group],$A16,DemandTbl[Date],">="&DATE($B$4,$B$3,1),DemandTbl[Date],"<"&DATE($B$4,$B$3+1,1)),0) -> 170 | D16: =IFERROR(SUMIFS(DemandTbl[Daily Leads (count)],DemandTbl[Business Group],$A16,DemandTbl[Date],">="&DATE($B$6,$B$5,1),DemandTbl[Date],"<"&DATE($B$6,$B$5+1,1)),0) -> 189 | E16: =IFERROR((C16-D16)/D16,"") -> -0.1005291 | F16: =IFERROR(SUMIFS(DemandTbl[Daily Leads (count)],DemandTbl[Business Group],$A16,DemandTbl[Date],">="&DATE($B$4,($B$7-1)*3+1,1),DemandTbl[Date],"<"&DATE($B$4,$B$7*3+1,1)),0) -> 170 | G16: =IFERROR(SUMIFS(DemandTbl[Daily Leads (count)],DemandTbl[Business Group],$A16,DemandTbl[Date],">="&DATE($B$9,($B$8-1)*3+1,1),DemandTbl[Date],"<"&EDATE(DATE($B$9,($B$8-1)*3+1,1),3)),0) -> 513 | H16: =IFERROR((F16-G16)/G16,"") -> -0.66861598 | I16: =IFERROR(SUMIFS(DemandTbl[Daily Leads (count)],DemandTbl[Business Group],$A16,DemandTbl[Date],">="&$B$10,DemandTbl[Date],"<="&$B$2),0) -> 1112
A17: Marketing Services | B17: Secondary Markets | C17: =IFERROR(SUMIFS(DemandTbl[Daily Leads (count)],DemandTbl[Business Group],$A17,DemandTbl[Date],">="&DATE($B$4,$B$3,1),DemandTbl[Date],"<"&DATE($B$4,$B$3+1,1)),0) -> 208 | D17: =IFERROR(SUMIFS(DemandTbl[Daily Leads (count)],DemandTbl[Business Group],$A17,DemandTbl[Date],">="&DATE($B$6,$B$5,1),DemandTbl[Date],"<"&DATE($B$6,$B$5+1,1)),0) -> 152 | E17: =IFERROR((C17-D17)/D17,"") -> 0.36842105 | F17: =IFERROR(SUMIFS(DemandTbl[Daily Leads (count)],DemandTbl[Business Group],$A17,DemandTbl[Date],">="&DATE($B$4,($B$7-1)*3+1,1),DemandTbl[Date],"<"&DATE($B$4,$B$7*3+1,1)),0) -> 208 | G17: =IFERROR(SUMIFS(DemandTbl[Daily Leads (count)],DemandTbl[Business Group],$A17,DemandTbl[Date],">="&DATE($B$9,($B$8-1)*3+1,1),DemandTbl[Date],"<"&EDATE(DATE($B$9,($B$8-1)*3+1,1),3)),0) -> 486 | H17: =IFERROR((F17-G17)/G17,"") -> -0.57201646 | I17: =IFERROR(SUMIFS(DemandTbl[Daily Leads (count)],DemandTbl[Business Group],$A17,DemandTbl[Date],">="&$B$10,DemandTbl[Date],"<="&$B$2),0) -> 1088
B18: GRAND TOTAL (YTD) | I18: =SUM(I14:I17) -> 4261
A21: REVENUE GENERATION (Revenue R)
A22: Business Group | B22: Stream | C22: Cur Month | D22: Prev Month | E22: MoM % | F22: Cur Quarter | G22: Prev Quarter | H22: QoQ % | I22: YTD
A23: Primary Markets | B23: Beyond Capital Campaign | C23: =IFERROR(SUMIFS(RevenueTbl[Daily Revenue (R)],RevenueTbl[Business Group],$A23,RevenueTbl[Date],">="&DATE($B$4,$B$3,1),RevenueTbl[Date],"<"&DATE($B$4,$B$3+1,1)),0) -> 11572 | D23: =IFERROR(SUMIFS(RevenueTbl[Daily Revenue (R)],RevenueTbl[Business Group],$A23,RevenueTbl[Date],">="&DATE($B$6,$B$5,1),RevenueTbl[Date],"<"&DATE($B$6,$B$5+1,1)),0) -> 5991 | E23: =IFERROR((C23-D23)/D23,"") -> 0.93156401 | F23: =IFERROR(SUMIFS(RevenueTbl[Daily Revenue (R)],RevenueTbl[Business Group],$A23,RevenueTbl[Date],">="&DATE($B$4,($B$7-1)*3+1,1),RevenueTbl[Date],"<"&DATE($B$4,$B$7*3+1,1)),0) -> 11572 | G23: =IFERROR(SUMIFS(RevenueTbl[Daily Revenue (R)],RevenueTbl[Business Group],$A23,RevenueTbl[Date],">="&DATE($B$9,($B$8-1)*3+1,1),RevenueTbl[Date],"<"&EDATE(DATE($B$9,($B$8-1)*3+1,1),3)),0) -> 21728 | H23: =IFERROR((F23-G23)/G23,"") -> -0.46741532 | I23: =IFERROR(SUMIFS(RevenueTbl[Daily Revenue (R)],RevenueTbl[Business Group],$A23,RevenueTbl[Date],">="&$B$10,RevenueTbl[Date],"<="&$B$2),0) -> 48560
A24: Secondary Markets | B24: Sales Campaign - Colocation | C24: =IFERROR(SUMIFS(RevenueTbl[Daily Revenue (R)],RevenueTbl[Business Group],$A24,RevenueTbl[Date],">="&DATE($B$4,$B$3,1),RevenueTbl[Date],"<"&DATE($B$4,$B$3+1,1)),0) -> 7600 | D24: =IFERROR(SUMIFS(RevenueTbl[Daily Revenue (R)],RevenueTbl[Business Group],$A24,RevenueTbl[Date],">="&DATE($B$6,$B$5,1),RevenueTbl[Date],"<"&DATE($B$6,$B$5+1,1)),0) -> 11136 | E24: =IFERROR((C24-D24)/D24,"") -> -0.31752874 | F24: =IFERROR(SUMIFS(RevenueTbl[Daily Revenue (R)],RevenueTbl[Business Group],$A24,RevenueTbl[Date],">="&DATE($B$4,($B$7-1)*3+1,1),RevenueTbl[Date],"<"&DATE($B$4,$B$7*3+1,1)),0) -> 7600 | G24: =IFERROR(SUMIFS(RevenueTbl[Daily Revenue (R)],RevenueTbl[Business Group],$A24,RevenueTbl[Date],">="&DATE($B$9,($B$8-1)*3+1,1),RevenueTbl[Date],"<"&EDATE(DATE($B$9,($B$8-1)*3+1,1),3)),0) -> 33991 | H24: =IFERROR((F24-G24)/G24,"") -> -0.7764114 | I24: =IFERROR(SUMIFS(RevenueTbl[Daily Revenue (R)],RevenueTbl[Business Group],$A24,RevenueTbl[Date],">="&$B$10,RevenueTbl[Date],"<="&$B$2),0) -> 65304
A25: Information Services | B25: Marketplace | C25: =IFERROR(SUMIFS(RevenueTbl[Daily Revenue (R)],RevenueTbl[Business Group],$A25,RevenueTbl[Date],">="&DATE($B$4,$B$3,1),RevenueTbl[Date],"<"&DATE($B$4,$B$3+1,1)),0) -> 8638 | D25: =IFERROR(SUMIFS(RevenueTbl[Daily Revenue (R)],RevenueTbl[Business Group],$A25,RevenueTbl[Date],">="&DATE($B$6,$B$5,1),RevenueTbl[Date],"<"&DATE($B$6,$B$5+1,1)),0) -> 5261 | E25: =IFERROR((C25-D25)/D25,"") -> 0.64189318 | F25: =IFERROR(SUMIFS(RevenueTbl[Daily Revenue (R)],RevenueTbl[Business Group],$A25,RevenueTbl[Date],">="&DATE($B$4,($B$7-1)*3+1,1),RevenueTbl[Date],"<"&DATE($B$4,$B$7*3+1,1)),0) -> 8638 | G25: =IFERROR(SUMIFS(RevenueTbl[Daily Revenue (R)],RevenueTbl[Business Group],$A25,RevenueTbl[Date],">="&DATE($B$9,($B$8-1)*3+1,1),RevenueTbl[Date],"<"&EDATE(DATE($B$9,($B$8-1)*3+1,1),3)),0) -> 32345 | H25: =IFERROR((F25-G25)/G25,"") -> -0.73294172 | I25: =IFERROR(SUMIFS(RevenueTbl[Daily Revenue (R)],RevenueTbl[Business Group],$A25,RevenueTbl[Date],">="&$B$10,RevenueTbl[Date],"<="&$B$2),0) -> 59335
A26: Issuer Services | B26: Claim It Campaign | C26: =IFERROR(SUMIFS(RevenueTbl[Daily Revenue (R)],RevenueTbl[Business Group],$A26,RevenueTbl[Date],">="&DATE($B$4,$B$3,1),RevenueTbl[Date],"<"&DATE($B$4,$B$3+1,1)),0) -> 16219 | D26: =IFERROR(SUMIFS(RevenueTbl[Daily Revenue (R)],RevenueTbl[Business Group],$A26,RevenueTbl[Date],">="&DATE($B$6,$B$5,1),RevenueTbl[Date],"<"&DATE($B$6,$B$5+1,1)),0) -> 5410 | E26: =IFERROR((C26-D26)/D26,"") -> 1.9979667 | F26: =IFERROR(SUMIFS(RevenueTbl[Daily Revenue (R)],RevenueTbl[Business Group],$A26,RevenueTbl[Date],">="&DATE($B$4,($B$7-1)*3+1,1),RevenueTbl[Date],"<"&DATE($B$4,$B$7*3+1,1)),0) -> 16219 | G26: =IFERROR(SUMIFS(RevenueTbl[Daily Revenue (R)],RevenueTbl[Business Group],$A26,RevenueTbl[Date],">="&DATE($B$9,($B$8-1)*3+1,1),RevenueTbl[Date],"<"&EDATE(DATE($B$9,($B$8-1)*3+1,1),3)),0) -> 16652 | H26: =IFERROR((F26-G26)/G26,"") -> -0.026002883 | I26: =IFERROR(SUMIFS(RevenueTbl[Daily Revenue (R)],RevenueTbl[Business Group],$A26,RevenueTbl[Date],">="&$B$10,RevenueTbl[Date],"<="&$B$2),0) -> 53996
B27: GRAND TOTAL (YTD) | I27: =SUM(I23:I26) -> 227195

Sheet Lists
A1: Reference lists used by data validation. Do not rename or delete this sheet.
A3: Demand: Business Group | B3: Demand: Campaign/Stream | D3: Revenue: Business Group | E3: Revenue: Campaign/Stream
A4: JSE SheInvests | B4: Ticket Sales / Sponsorships | D4: Primary Markets | E4: Beyond Capital Campaign
A5: Digital Marketing | B5: YouTube / Listings Streaming | D5: Secondary Markets | E5: Sales Campaign - Colocation
A6: Events | B6: Listings / External Events | D6: Information Services | E6: Marketplace
A7: Marketing Services | B7: Secondary Markets | D7: Issuer Services | E7: Claim It Campaign
A9: Each business group reports under exactly one campaign/stream (same row above).
